id,name,description,rarity,category,trigger,condition,effect,element,magnitude,magnitude2,suppresses_base_use
lava_emitter,熔岩放射器,"使用武器时在持用者周围生成熔岩。",Common,emitter,on_swing,,spawn_material,lava,16,0,No
green_crescent,翠月弯刃,"旋转斩击挥出一道翠绿能量新月，斩断路径上的敌人。",Uncommon,projectile,on_combo_step,,spawn_projectile,,1,0,No
fireball_fan,火球扇,"每次挥击释放五枚火球的扇形攻击。",Common,projectile,on_swing,,spawn_projectile,on_fire,5,0,No
icicle_volley,冰锥齐射,"每次攻击发射五枚冰锥。",Common,projectile,on_swing,,spawn_projectile,chilly,5,0,No
gleaming_projectile,辉光弹,"每次挥击释放一颗辉光弹，击碎敌方子弹，在弹幕中清出一条通路。",Uncommon,projectile,on_swing,,spawn_projectile,,1,0,No
lightning_bolt,落雷,"召唤一道闪电劈向标记目标，有几率造成眩晕。并非每次攻击都会触发。",Rare,projectile,on_hit,,spawn_projectile,lightning,1,0,No
arc_volley,弧光齐射,"三段连击的前两击各发射七颗弹丸。",Rare,projectile,on_combo_step,,spawn_projectile,,7,0,No
triangular_volley,三角齐射,"三段连击的第三击以三角阵型喷洒十三发飞弹。",Rare,projectile,on_combo_step,,spawn_projectile,,13,0,No
bouncing_bullets,弹跳弹,"前冲旋转召唤一道冲天震波，释放四枚弹跳弹。",Uncommon,projectile,on_combo_step,,spawn_projectile,,4,0,No
splitting_rounds,分裂弹,"追击突刺散射三发弹药，命中后各分裂为四枚碎片。",Uncommon,projectile,on_combo_step,,spawn_projectile,,3,4,No
penetrating_shockwave,穿透震波,"蓄满力释放一道巨大穿透震波，沿途抹除敌方弹丸。",Rare,projectile,on_charge,,spawn_projectile,,1,0,No
oil_emitter,油污放射器,"每次挥击留下一滩可燃油污——点燃它，引爆一场火海。",Common,emitter,on_swing,,spawn_material,oil,24,0,No
water_emitter,水泉,"挥击喷洒水花，熄灭火焰并浸湿地面以配合冰冻连击。",Common,emitter,on_swing,,spawn_material,water,24,0,No
gas_emitter,瘴气喷口,"每次挥击喷出一团毒气，使其中一切中毒。",Uncommon,emitter,on_swing,,spawn_material,gas,20,0,No
frost_emitter,冰霜放射器,"在脚下铺设一片冰面——湿滑难行，令大意者寒颤。",Uncommon,emitter,on_swing,,spawn_material,ice,18,0,No
blood_emitter,血雨喷洒,"将鲜血喷洒在地，为浴血系协同提供燃料。",Common,emitter,on_swing,,spawn_material,blood,20,0,No
coal_seeder,煤炭播撒器,"散布可燃煤块，缓慢燃烧成持久的火焰。",Uncommon,emitter,on_swing,,spawn_material,coal,12,0,No
dust_veil,尘幕,"每次挥击扬起一团遮蔽视野的尘埃。",Common,emitter,on_swing,,spawn_material,dust,20,0,No
venom_edge,毒牙刃,"攻击使敌人中毒，随时间持续造成伤害。",Common,status,on_hit,,apply_status,poisoned,2.0,0,No
soaking_strike,浸润打击,"攻击将敌人浸透，为冰冻或电击做铺垫。",Common,status,on_hit,,apply_status,wet,2.0,0,No
greased_edge,涂油刃,"被击中者身涂油污——一点火星即可引燃。",Common,status,on_hit,,apply_status,oiled,2.0,0,No
frostbite_edge,冻伤刃,"每次命中汲取体温，使敌人逐步走向深度冻结。",Uncommon,status,on_hit,,apply_status,chilly,2.0,0,No
ember_edge,余烬刃,"攻击点燃敌人，使其燃烧不止。",Uncommon,status,on_hit,,apply_status,on_fire,2.0,0,No
rending_edge,撕裂刃,"伤口血流不止，使敌人陷入血污与虚弱。",Common,status,on_hit,,apply_status,bloody,2.0,0,No
sharpened,磨锋,"每次攻击+3固定伤害。",Common,stat,passive,,stat_add,damage,3,0,No
heavy_head,重型锤头,"+5伤害，但挥击速度减慢25%。",Common,stat,passive,,stat_add,damage,5,1.25,No
honed_point,精研锋尖,"+15%暴击率。",Uncommon,stat,passive,,stat_add,crit_chance,0.15,0,No
executioners_mark,处刑印记,"暴击额外造成+0.5倍伤害。",Uncommon,stat,passive,,stat_add,crit_multiplier,0.5,0,No
quickdraw,速拔,"挥击提速20%。",Uncommon,stat,passive,,stat_mult,cooldown,0.8,0,No
long_reach,长臂,"武器攻击距离延长30%。",Common,stat,passive,,stat_mult,reach,1.3,0,No
wide_arc,广角弧,"挥击弧度扩宽40%，扫荡更多敌人。",Common,stat,passive,,stat_mult,arc,1.4,0,No
deep_cut,深切,"地形挖掘加深80%——轻松掘土开路。",Uncommon,stat,passive,,stat_mult,carve_depth,1.8,0,No
fleetfoot,疾步,"攻击时移动速度提升15%。",Uncommon,stat,passive,,stat_mult,move_speed,1.15,0,No
frostbreaker,破冰者,"对寒冷或冻结的敌人造成+60%伤害。",Uncommon,trigger,on_hit,target_status:frozen,stat_mult,damage,1.6,0,No
pyroclast,焚石,"对燃烧的敌人造成+50%伤害。",Uncommon,trigger,on_hit,target_status:on_fire,stat_mult,damage,1.5,0,No
coup_de_grace,致命一击,"对生命值低于30%的敌人造成+100%伤害。",Uncommon,trigger,on_hit,target_low_hp,stat_mult,damage,2.0,0.3,No
bloodlust,嗜血,"每次击杀获得可叠加的伤害加成，杀戮停止后消退。",Rare,trigger,on_kill,,stat_add,damage,1,8,No
rampage,狂暴,"连续命中递增伤害；打空则重置连击。",Rare,trigger,on_hit,,stat_add,damage,1,6,No
glass_cannon,玻璃大炮,"满生命值时+80%伤害；一旦受伤立即失去加成。",Rare,trigger,on_hit,self_full_hp,stat_mult,damage,1.8,0,No
vampiric,吸血,"每次击杀回复微量生命值。",Uncommon,trigger,on_kill,,heal,,3,0,No
momentum,动能,"移动速度越快伤害越高——最高+50%。",Uncommon,trigger,on_hit,,stat_mult,damage,1.5,0,No
adrenaline,肾上腺素,"生命值越低挥击越快，最高提速40%。",Rare,trigger,passive,self_low_hp,stat_mult,cooldown,0.6,0,No
combo_keeper,连击守护,"每第五次攻击必定暴击。",Uncommon,trigger,every_n_hits,,stat_add,crit_chance,1.0,5,No
homing_hex,追踪咒弹,"每次挥击释放一枚弯向最近敌人的飞弹。",Uncommon,projectile,on_swing,,spawn_projectile,,1,0,No
chain_spark,连锁火花,"暴击时向附近敌人电弧闪击，有几率造成眩晕。",Rare,projectile,on_crit,,spawn_projectile,lightning,3,0,No
ricochet_shard,弹射碎片,"挥击掷出一枚碎片，撞墙反弹再次攻击。",Uncommon,projectile,on_swing,,spawn_projectile,,1,3,No
piercing_lance,穿透长矛,"释放一支贯穿直线上所有敌人的长矛。",Uncommon,projectile,on_swing,,spawn_projectile,,1,0,No
cluster_bomb,集束炸弹,"投掷一枚炸裂为环状碎片群的炸弹。",Rare,projectile,on_swing,,spawn_projectile,on_fire,8,0,No
boomerang_arc,回旋刃弧,"投出一道返回的刃弧，往返皆伤敌。",Uncommon,projectile,on_swing,,spawn_projectile,,1,0,No
spectral_echo,幽魂回响,"一道幽灵残影在片刻后重复你的挥击。",Rare,projectile,on_swing,,spawn_projectile,,1,0,No
tunnel_borer,隧道钻掘机,"挥击在软质地表中炸开一条宽阔隧道。",Uncommon,terrain,on_swing,,carve,,32,0,No
shockwave_stomp,震波踏,"每次挥击释放一道震退敌人的冲击波。",Uncommon,utility,on_swing,,knockback,,40,0,No
magnet_field,磁力场,"每次挥击将散落的金币和掉落物吸向自己。",Common,utility,on_swing,,pull,,48,0,No
repulsor_nova,排斥新星,"蓄满力释放一道将敌人弹飞的新星。",Rare,utility,on_charge,,knockback,,80,0,No
concussive_edge,震荡刃,"攻击有几率眩晕敌人，使其短暂停顿。",Uncommon,trigger,on_hit,,stun,,0.5,0.2,No
midas_touch,点金手,"被击杀的敌人掉落额外金币。",Uncommon,utility,on_kill,,bounty,,5,0,No
steam_burst,蒸汽爆发,"击中湿润的敌人时爆发滚烫蒸汽，散播灼伤。",Rare,trigger,on_hit,target_status:wet,apply_status,steam,3,0,No
